epoch,time,train/box_loss,train/seg_loss,train/cls_loss,train/l1_loss,train/sem_loss,metrics/precision(B),metrics/recall(B),metrics/mAP50(B),metrics/mAP50-95(B),metrics/precision(M),metrics/recall(M),metrics/mAP50(M),metrics/mAP50-95(M),val/box_loss,val/seg_loss,val/cls_loss,val/l1_loss,val/sem_loss,lr/pg0,lr/pg1,lr/pg2
1,29.5651,1.75553,4.2967,3.26012,0.02388,6.31632,0.33412,0.22935,0.19663,0.06661,0.34372,0.22161,0.17792,0.05722,1.8955,3.8447,2.85284,0.02459,0,0.000655367,0.000655367,0.000655367
2,48.9151,1.73015,3.8283,2.5452,0.0227,3.52358,0.01046,0.05817,0.00157,0.00026,0,0,0,0,4.41644,121.554,5.1255,0.06829,0,0.0013168,0.0013168,0.0013168
3,68.108,1.82607,3.73794,2.34841,0.02448,3.20233,0.29001,0.241,0.16492,0.0604,0.32776,0.24377,0.17042,0.05761,1.94639,5.18622,3.05687,0.02523,0,0.00197295,0.00197295,0.00197295
4,88.2887,1.87026,3.72848,2.27695,0.02523,3.11425,0.38462,0.32687,0.27322,0.10187,0.35591,0.31856,0.23425,0.08012,2.09134,4.78117,2.64642,0.0297,0,0.00197624,0.00197624,0.00197624
5,107.423,1.89378,3.77277,2.22871,0.02555,3.17052,0.55355,0.49861,0.48472,0.2019,0.5317,0.48121,0.40143,0.18417,1.92659,3.9935,1.88547,0.02589,0,0.00196832,0.00196832,0.00196832
6,127.351,1.84833,3.59334,2.18065,0.02661,3.01385,0.35905,0.39889,0.30936,0.13346,0.29824,0.32687,0.22982,0.08875,1.85858,5.01639,2.33567,0.02352,0,0.0019604,0.0019604,0.0019604
7,147.429,1.85989,3.58003,2.15814,0.02553,2.90456,0.45334,0.41828,0.36763,0.16104,0.42609,0.38664,0.32936,0.14552,1.93483,3.87213,2.20524,0.0251,0,0.00195248,0.00195248,0.00195248
8,166.118,1.83645,3.48356,2.11765,0.02504,2.73462,0.42673,0.4626,0.35399,0.14576,0.40619,0.41551,0.32058,0.1181,1.96919,4.23046,2.43457,0.02598,0,0.00194456,0.00194456,0.00194456
9,185.434,1.79107,3.34369,1.98373,0.02451,2.58488,0.47305,0.45429,0.43561,0.20291,0.45629,0.40166,0.39009,0.17506,1.84571,4.16196,2.1199,0.02458,0,0.00193664,0.00193664,0.00193664
10,203.877,1.74017,3.29494,1.93109,0.02373,2.48465,0.46396,0.46814,0.4331,0.19404,0.39589,0.38848,0.31712,0.13313,1.87459,4.12558,2.13066,0.0242,0,0.00192872,0.00192872,0.00192872
11,222.947,1.73911,3.22353,1.89805,0.02357,2.56604,0.52173,0.4714,0.46144,0.22112,0.53187,0.41858,0.41196,0.19369,1.83624,3.86345,2.04145,0.02355,0,0.0019208,0.0019208,0.0019208
12,241.16,1.71776,3.23286,1.87181,0.02336,2.47897,0.40362,0.37119,0.33423,0.13304,0.34189,0.30194,0.25771,0.0918,1.78875,4.40978,2.41873,0.02333,0,0.00191288,0.00191288,0.00191288
13,260.187,1.69053,3.17332,1.83974,0.02227,2.3582,0.34592,0.43363,0.34401,0.11265,0.34176,0.41828,0.34041,0.12019,2.18669,3.56303,2.37824,0.03022,0,0.00190496,0.00190496,0.00190496
14,279.063,1.6877,3.1468,1.78339,0.02257,2.39711,0.44331,0.45429,0.42219,0.17905,0.42731,0.42659,0.38064,0.15343,2.03812,3.38395,2.05208,0.026,0,0.00189704,0.00189704,0.00189704
15,297.232,1.69255,3.12932,1.77668,0.02225,2.33811,0.26173,0.14404,0.12016,0.04577,0.18284,0.10249,0.05589,0.01758,2.03086,5.26942,2.96388,0.02679,0,0.00188912,0.00188912,0.00188912
16,315.821,1.63528,3.00683,1.75106,0.022,2.30115,0.45919,0.44875,0.43042,0.20789,0.43409,0.36565,0.34829,0.16396,1.76365,4.11534,2.18387,0.02313,0,0.0018812,0.0018812,0.0018812
17,333.677,1.62162,2.97144,1.76643,0.02123,2.21202,0.2163,0.10526,0.08366,0.03149,0.20492,0.09972,0.06679,0.02359,2.13941,3.68553,3.59344,0.02983,0,0.00187328,0.00187328,0.00187328
18,352.839,1.63502,2.94983,1.67556,0.02062,2.09936,0.40094,0.38749,0.33146,0.13245,0.43594,0.35457,0.29386,0.09952,1.92484,4.37645,2.38056,0.02512,0,0.00186536,0.00186536,0.00186536
19,371.962,1.63584,2.9053,1.6068,0.02167,2.07655,0.3117,0.27701,0.22119,0.09126,0.29788,0.27147,0.1988,0.0668,1.88209,4.3625,2.63063,0.02437,0,0.00185744,0.00185744,0.00185744
20,390.048,1.63648,2.91986,1.57831,0.02135,2.03424,0.34403,0.29917,0.23032,0.09303,0.29391,0.26039,0.16043,0.05718,1.83057,5.01633,2.79429,0.02412,0,0.00184952,0.00184952,0.00184952
21,408.905,1.62564,2.92302,1.6054,0.02181,2.09098,0.46213,0.45706,0.42924,0.17872,0.38253,0.38781,0.33032,0.14572,1.99515,4.39094,1.99367,0.0263,0,0.0018416,0.0018416,0.0018416
22,428.059,1.58928,2.87325,1.59059,0.0196,1.95952,0.31441,0.28457,0.22738,0.09323,0.30606,0.27367,0.21512,0.06384,2.00204,3.83701,2.86371,0.02629,0,0.00183368,0.00183368,0.00183368
23,447.336,1.56068,2.81196,1.53136,0.01999,1.9542,0.43197,0.46976,0.39,0.17404,0.37622,0.42105,0.32076,0.12717,1.87743,3.78215,2.01296,0.02444,0,0.00182576,0.00182576,0.00182576
24,466.467,1.58403,2.7607,1.50792,0.02034,1.90429,0.28617,0.30471,0.17553,0.06173,0.23785,0.25762,0.1256,0.04074,2.18456,4.19489,2.63364,0.02972,0,0.00181784,0.00181784,0.00181784
25,485.132,1.51485,2.69308,1.47911,0.01945,1.80445,0.3679,0.23862,0.23033,0.07297,0.30946,0.19668,0.14895,0.03496,1.91859,4.16313,3.02711,0.0252,0,0.00180992,0.00180992,0.00180992
26,504.658,1.4899,2.69998,1.47101,0.01944,1.87071,0.44545,0.37382,0.33938,0.17622,0.45644,0.30748,0.27524,0.13664,1.79677,4.04494,2.23261,0.02433,0,0.001802,0.001802,0.001802
27,523.867,1.51823,2.69184,1.45633,0.01927,1.8393,0.52959,0.4179,0.44868,0.23859,0.41049,0.31025,0.27117,0.11858,1.8575,5.49426,2.08929,0.02402,0,0.00179408,0.00179408,0.00179408
28,542.111,1.51325,2.68949,1.41266,0.01925,1.71599,0.24829,0.18483,0.1344,0.05205,0.24829,0.18483,0.12893,0.04197,2.16153,3.62562,3.08206,0.02957,0,0.00178616,0.00178616,0.00178616
29,560.296,1.54425,2.60379,1.41346,0.0203,1.70682,0.43739,0.4349,0.34216,0.1388,0.36593,0.36565,0.26006,0.09339,2.05284,4.08885,2.26576,0.02572,0,0.00177824,0.00177824,0.00177824
30,578.708,1.50197,2.57125,1.36052,0.01968,1.73962,0.31237,0.22992,0.16776,0.06547,0.26831,0.20222,0.12726,0.04541,2.19852,3.74688,3.03937,0.02984,0,0.00177032,0.00177032,0.00177032
31,597.796,1.41554,2.54545,1.31045,0.0174,1.63403,0.32935,0.30471,0.22717,0.08899,0.29623,0.27701,0.192,0.05899,1.92024,3.6427,2.79377,0.02448,0,0.0017624,0.0017624,0.0017624
32,616.357,1.4906,2.59202,1.34186,0.01863,1.68794,0.27378,0.19391,0.15633,0.06361,0.23401,0.17729,0.11468,0.05049,2.08578,3.89568,3.06549,0.02955,0,0.00175448,0.00175448,0.00175448
33,635.255,1.45818,2.50603,1.33753,0.0184,1.65653,0.36266,0.3518,0.2693,0.11894,0.37695,0.30748,0.22391,0.08932,2.12205,3.86874,2.42598,0.02801,0,0.00174656,0.00174656,0.00174656
34,654.265,1.43375,2.47734,1.27322,0.01878,1.61358,0.48861,0.35201,0.35446,0.17435,0.48092,0.34647,0.33116,0.12593,2.04543,3.47261,2.29643,0.02564,0,0.00173864,0.00173864,0.00173864
35,673.413,1.47523,2.48119,1.30535,0.01848,1.6892,0.3783,0.4214,0.29674,0.14207,0.36736,0.41274,0.27376,0.10576,1.78165,3.78307,2.39898,0.02249,0,0.00173072,0.00173072,0.00173072
36,692.566,1.40417,2.4126,1.23029,0.01734,1.5874,0.46024,0.45983,0.36963,0.16412,0.39133,0.40997,0.30598,0.11461,2.01831,3.78554,2.02925,0.02612,0,0.0017228,0.0017228,0.0017228
37,710.957,1.42967,2.43526,1.21979,0.01808,1.45763,0.34715,0.38445,0.27471,0.10954,0.29246,0.30471,0.23647,0.08541,2.02565,3.62118,2.27317,0.02589,0,0.00171488,0.00171488,0.00171488
38,729.829,1.39445,2.40671,1.205,0.01743,1.49722,0.46018,0.39612,0.32556,0.1371,0.40359,0.34626,0.27416,0.0917,2.00853,3.5631,2.01187,0.02549,0,0.00170696,0.00170696,0.00170696
39,748.126,1.38244,2.32125,1.20616,0.01709,1.41972,0.40961,0.37285,0.30598,0.12554,0.36206,0.33518,0.25261,0.0855,2.13644,3.57817,2.23527,0.02894,0,0.00169904,0.00169904,0.00169904
40,766.262,1.36155,2.29115,1.20146,0.01754,1.43216,0.53032,0.32687,0.33931,0.15013,0.50558,0.29086,0.2786,0.1205,1.9861,3.74681,2.5071,0.02474,0,0.00169112,0.00169112,0.00169112
41,784.908,1.37013,2.3138,1.18036,0.01759,1.44503,0.34108,0.32133,0.22734,0.09142,0.34761,0.31586,0.21941,0.06248,2.01325,4.01166,2.69248,0.02592,0,0.0016832,0.0016832,0.0016832
42,803.196,1.39204,2.27461,1.17371,0.01677,1.35861,0.33766,0.36842,0.28921,0.12538,0.21492,0.24931,0.1573,0.06775,2.05838,5.21748,2.40912,0.02713,0,0.00167528,0.00167528,0.00167528
43,822.606,1.38241,2.33212,1.12771,0.01735,1.38599,0.23588,0.26593,0.19063,0.06721,0.1992,0.2133,0.12748,0.0344,2.11819,3.87516,2.58722,0.02952,0,0.00166736,0.00166736,0.00166736
44,841.203,1.33895,2.22494,1.07179,0.01616,1.36973,0.36169,0.30471,0.2638,0.09236,0.29289,0.22161,0.16384,0.04465,2.33663,4.85497,2.52205,0.03247,0,0.00165944,0.00165944,0.00165944
45,860.03,1.3281,2.23991,1.08156,0.01662,1.35758,0.38111,0.45706,0.36832,0.17609,0.30514,0.34903,0.2238,0.08545,2.02797,4.8548,2.08355,0.02571,0,0.00165152,0.00165152,0.00165152
46,879.73,1.34487,2.23182,1.12449,0.01702,1.31094,0.42123,0.31302,0.27897,0.11708,0.39566,0.27147,0.21051,0.07337,1.93461,4.11197,2.57463,0.02502,0,0.0016436,0.0016436,0.0016436
47,898.548,1.31004,2.2115,1.07925,0.01585,1.26199,0.36001,0.3518,0.23466,0.08225,0.29157,0.27424,0.15586,0.04656,2.40239,4.31024,2.65005,0.03258,0,0.00163568,0.00163568,0.00163568
48,917.427,1.29194,2.14339,1.04742,0.01591,1.25894,0.34383,0.36565,0.26093,0.11367,0.36103,0.32964,0.24541,0.0922,2.06174,3.55101,2.25063,0.02787,0,0.00162776,0.00162776,0.00162776
49,935.841,1.30172,2.16498,1.05594,0.01615,1.33063,0.31843,0.25762,0.20269,0.08938,0.30221,0.23823,0.17209,0.06382,2.10949,3.91348,2.95758,0.03016,0,0.00161984,0.00161984,0.00161984
50,954.818,1.29486,2.19694,1.07616,0.01568,1.30253,0.35183,0.4626,0.32816,0.16338,0.30548,0.40166,0.25138,0.1123,1.78223,4.29995,2.27204,0.02302,0,0.00161192,0.00161192,0.00161192
51,973.99,1.28464,2.04587,1.01757,0.01587,1.139,0.375,0.39058,0.2802,0.11404,0.36049,0.33573,0.2295,0.08592,2.19874,4.32187,2.34401,0.02863,0,0.001604,0.001604,0.001604
52,992.682,1.27069,2.01885,0.98082,0.01542,1.18469,0.38991,0.43729,0.35303,0.16338,0.33464,0.3795,0.27665,0.10102,1.95924,3.7127,2.32589,0.02413,0,0.00159608,0.00159608,0.00159608
53,1012.64,1.22971,2.08945,0.96774,0.01497,1.13003,0.29992,0.22161,0.18084,0.07311,0.2245,0.16898,0.10467,0.03457,1.96042,4.43721,3.05846,0.02567,0,0.00158816,0.00158816,0.00158816
54,1031.91,1.27742,2.0416,1.03188,0.01559,1.20361,0.39721,0.42382,0.33768,0.1469,0.42113,0.2964,0.26362,0.09864,2.08127,4.20816,2.21928,0.02689,0,0.00158024,0.00158024,0.00158024
55,1050.65,1.26029,2.0389,1.03238,0.01574,1.18833,0.38336,0.39612,0.30012,0.14332,0.359,0.36288,0.28792,0.12627,1.95785,3.40485,2.33406,0.0252,0,0.00157232,0.00157232,0.00157232
56,1070.09,1.23333,1.98798,0.99179,0.01484,1.16979,0.48626,0.49584,0.39323,0.18398,0.45941,0.46847,0.37616,0.15152,2.04722,3.76814,2.19447,0.02615,0,0.0015644,0.0015644,0.0015644
57,1089.38,1.25224,2.01799,1.00247,0.01439,1.16567,0.35002,0.39058,0.26175,0.11658,0.36014,0.30748,0.2229,0.07855,1.94124,4.22642,2.47259,0.0263,0,0.00155648,0.00155648,0.00155648
58,1108.84,1.24547,2.02799,0.97387,0.01551,1.18405,0.33947,0.41855,0.29207,0.12323,0.31813,0.35734,0.24906,0.09023,1.88756,4.04406,2.43315,0.02482,0,0.00154856,0.00154856,0.00154856
59,1127.24,1.27606,2.02202,0.99565,0.0154,1.15326,0.30147,0.25762,0.16864,0.07895,0.27759,0.22161,0.12478,0.04966,2.01286,4.51415,2.97526,0.02618,0,0.00154064,0.00154064,0.00154064
60,1145.44,1.25754,1.98838,0.96726,0.01495,1.11549,0.45677,0.41828,0.40421,0.19169,0.4383,0.31302,0.30059,0.12506,1.91433,4.31393,2.04555,0.02587,0,0.00153272,0.00153272,0.00153272
61,1165.21,1.25296,1.95992,0.96438,0.01498,1.05613,0.4648,0.33518,0.28221,0.13534,0.41653,0.28532,0.23088,0.08716,1.9046,3.9162,2.8525,0.02409,0,0.0015248,0.0015248,0.0015248
62,1185.11,1.21766,1.95702,0.91574,0.01435,1.05851,0.62496,0.47091,0.47903,0.25664,0.58649,0.42382,0.3998,0.20017,1.78796,4.29542,2.01458,0.02164,0,0.00151688,0.00151688,0.00151688
63,1205.87,1.21165,1.87078,0.89389,0.01403,0.98159,0.39647,0.39612,0.3054,0.16052,0.37151,0.37119,0.25523,0.11802,1.88469,4.17123,2.41696,0.0238,0,0.00150896,0.00150896,0.00150896
64,1223.9,1.16698,1.87344,0.8584,0.01445,0.97682,0.31738,0.32687,0.23041,0.09265,0.2851,0.29363,0.20065,0.06597,2.0735,3.97752,3.18261,0.02787,0,0.00150104,0.00150104,0.00150104
65,1242.46,1.21474,1.9944,0.98862,0.01477,1.12484,0.46149,0.39335,0.33841,0.16083,0.40016,0.32893,0.27602,0.12114,2.00243,4.14079,2.30835,0.02556,0,0.00149312,0.00149312,0.00149312
66,1260.98,1.18733,1.85655,0.89812,0.01467,1.00205,0.45419,0.36288,0.33554,0.16209,0.45209,0.34513,0.31935,0.13861,2.09961,3.99122,2.62856,0.02669,0,0.0014852,0.0014852,0.0014852
67,1278.45,1.19866,1.82653,0.9239,0.0145,1.05035,0.41477,0.3475,0.26932,0.11005,0.39629,0.33518,0.24891,0.08779,2.07474,3.50141,2.62878,0.0268,0,0.00147728,0.00147728,0.00147728
